Pclass,n,mean,std,min,25%,50%,75%,max,sqrt_n,standard_error,upper_ci,lower_ci
1,136.0,95.60802867647058,85.28682026034784,25.9292,50.98545,77.9583,111.48122500000001,512.3292,11.661903789690601,7.313284502976555,109.94206630230462,81.27399105063654
2,87.0,22.0557,10.853501970996211,10.5,13.0,21.0,26.25,65.0,9.327379053088816,1.1636175509991749,24.336390399958383,19.77500960004162
3,119.0,13.69488739495798,10.692993240241796,0.0,7.775,8.5167,15.875,56.4958,10.908712114635714,0.9802250832062478,15.616128558042226,11.773646231873736
